<?xml version="1.0" encoding="UTF-8"?>
<!DOCTYPE log4j:configuration SYSTEM "log4j.dtd">

	<log4j:configuration xmlns:log4j="http://jakarta.apache.org/log4j/">

  <!-- Appenders -->
  <appender name="console" class="org.apache.log4j.ConsoleAppender">
  <param name="Target" value="System.out" />
    <layout class="org.apache.log4j.PatternLayout">
    <param name="ConversionPattern" value="%-5p: %c - %m%n" />
    </layout>
  </appender>
  
  <!-- Application Loggers -->
  <logger name="com.avaldes">
    <level value="info" />
  </logger>

  <!-- Root Logger -->
  <root>
    <priority value="debug" />
    <appender-ref ref="console" />
  </root>
</log4j:configuration>